zip_code,y-2015
90001,57227
90002,50626
90003,69502
90004,64008
90005,38979
90006,61625
90007,43426
90008,31837
90010,3740
90011,104058
90012,30860
90013,11299
90014,7006
90015,18767
90016,47590
90017,24336
90018,49824
90019,67553
90020,39866
90021,2970
90022,68136
90023,46288
90024,50693
90025,46107
90026,68520
90027,46646
90028,30380
90029,40472
90031,39422
90032,47099
90033,48277
90034,58069
90035,30852
90036,37640
90037,62872
90038,28577
90039,28149
90040,12699
90041,28796
90042,62650
90043,43129
90044,88975
90045,41922
90046,51651
90047,48678
90048,22498
90049,35427
90056,8537
90057,46509
90058,2680
90059,44648
90061,28135
90062,33353
90063,53813
90064,26384
90065,46904
90066,59124
90067,2330
90068,21233
90069,20132
90071,0
90073,862
90077,8844
90079,0
90089,3334
90090,0
90094,6858
90095,0
90201,102946
90210,22052
90211,7530
90212,12577
90220,50715
90221,54236
90222,31875
90230,31978
90232,15708
90240,26655
90241,43592
90242,43160
90245,16929
90247,48032
90248,10166
90249,26627
90250,95939
90254,19747
90255,76180
90260,35866
90262,71163
90263,1832
90265,18258
90266,35603
90270,27700
90272,23934
90274,25778
90275,42593
90277,35178
90278,40485
90280,95350
90290,6478
90291,27167
90292,21679
90293,12458
90301,36360
90302,30482
90303,26408
90304,26854
90305,15665
90401,7297
90402,11661
90403,24416
90404,22081
90405,28915
90501,43145
90502,17585
90503,45986
90504,33279
90505,36904
90506,0
90601,34203
90602,27421
90603,20221
90604,40977
90605,41643
90606,32697
90620,46639
90621,35245
90623,15839
90630,49145
90631,69151
90638,49819
90640,63521
90650,106659
90660,63815
90670,15998
90680,30795
90701,16785
90703,50276
90704,3906
90706,77756
90710,27457
90712,32451
90713,28699
90715,19753
90716,14382
90717,21816
90720,22029
90723,55023
90731,62028
90732,21417
90740,24330
90742,689
90743,358
90744,57963
90745,58186
90746,26523
90747,0
90755,11440
90802,39155
90803,31709
90804,41007
90805,95127
90806,42498
90807,33763
90808,39428
90810,36936
90813,60078
90814,19264
90815,40462
90822,152
90831,0
91001,37163
91006,31728
91007,34598
91008,1132
91010,25840
91011,20721
91016,42090
91020,8438
91024,11084
91030,25967
91040,19969
91042,27298
91046,175
91101,20936
91103,27819
91104,38976
91105,11413
91106,25243
91107,31722
91108,13654
91201,23092
91202,23148
91203,13680
91204,17053
91205,38322
91206,34038
91207,10359
91208,17164
91210,727
91214,30965
91301,26293
91302,25431
91303,29471
91304,53853
91306,49532
91307,26219
91311,38505
91316,28837
91320,44952
91321,34178
91324,28497
91325,33197
91326,36921
91330,3231
91331,102266
91335,78230
91340,35481
91342,93466
91343,64149
91344,54566
91345,18276
91350,36520
91351,33071
91352,47543
91354,29340
91355,34188
91356,29467
91360,43948
91361,20831
91362,35546
91364,27100
91367,42578
91371,0
91377,15087
91381,20405
91384,29788
91387,43502
91390,20473
91401,41217
91402,71894
91403,24613
91405,53347
91406,54364
91411,25370
91423,33347
91436,13970
91501,20855
91502,12011
91504,25469
91505,31273
91506,18272
91601,38754
91602,18304
91604,30269
91605,55665
91606,44773
91607,30231
91608,0
91701,40546
91702,61170
91706,77877
91708,3445
91709,76796
91710,84812
91711,36651
91722,35798
91723,19428
91724,26479
91730,67613
91731,30418
91732,62872
91733,44313
91737,25619
91739,38490
91740,26745
91741,25693
91744,87337
91745,55184
91746,30034
91748,46732
91750,34052
91752,29525
91754,34009
91755,27076
91759,389
91761,60103
91762,57402
91763,37784
91764,53820
91765,47598
91766,72026
91767,49099
91768,36444
91770,63758
91773,34107
91775,25486
91776,38127
91780,35280
91784,26140
91786,52365
91789,43805
91790,46566
91791,33247
91792,30063
91801,54565
91803,30118
91901,18507
91902,18813
91905,1139
91906,3466
91910,77302
91911,84122
91913,45430
91914,17406
91915,28209
91916,1611
91917,932
91931,486
91932,26555
91934,267
91935,8335
91941,33111
91942,39804
91945,26486
91948,44
91950,61774
91962,1998
91963,1256
91977,62072
91978,9793
91980,709
92003,4267
92004,2709
92007,12131
92008,26896
92009,43837
92010,15598
92011,24476
92014,13708
92019,43873
92020,58940
92021,67608
92024,49566
92025,51859
92026,50412
92027,56875
92028,47807
92029,18717
92036,3173
92037,37718
92040,43269
92054,42195
92055,13091
92056,54069
92057,56764
92058,44825
92059,1310
92060,68
92061,1642
92064,49587
92065,36637
92066,516
92067,9147
92069,49135
92070,1151
92071,56158
92075,12491
92078,45984
92081,29038
92082,19541
92083,36431
92084,50377
92086,1538
92091,1428
92101,36295
92102,45461
92103,33241
92104,44756
92105,71832
92106,18415
92107,28360
92108,20548
92109,46797
92110,28789
92111,49375
92113,57737
92114,69798
92115,62308
92116,33110
92117,53477
92118,22939
92119,24265
92120,27135
92121,4503
92122,46104
92123,29955
92124,30135
92126,79589
92127,43033
92128,48906
92129,54735
92130,51262
92131,34039
92132,0
92134,199
92135,953
92139,36934
92140,2977
92145,2145
92147,567
92154,88292
92155,555
92173,32355
92201,64238
92203,29131
92210,4946
92211,24558
92220,32461
92222,0
92223,47970
92225,22763
92227,27013
92230,3669
92231,40027
92233,7869
92234,53005
92236,43654
92239,207
92240,36206
92241,10209
92242,1247
92243,49514
92249,7686
92250,8557
92251,22827
92252,8833
92253,38958
92254,13626
92256,3266
92257,1666
92258,473
92259,326
92260,33275
92262,27102
92264,19836
92266,100
92267,0
92268,470
92270,17770
92273,1356
92274,19918
92275,1738
92276,8180
92277,24363
92278,4079
92280,14
92281,1985
92282,910
92283,2406
92284,25680
92285,2579
92301,32639
92304,23
92305,391
92307,38379
92308,40180
92309,835
92310,9238
92311,33676
92313,12371
92314,11469
92315,5269
92316,31789
92320,8211
92321,1157
92322,888
92324,58684
92325,8211
92327,886
92328,288
92332,8
92333,462
92335,98442
92336,92781
92337,38547
92338,0
92339,1028
92341,287
92342,6593
92344,21386
92345,80709
92346,59501
92347,1672
92352,6800
92354,20829
92356,6211
92358,1111
92359,8718
92363,5355
92364,32
92365,2024
92368,970
92371,15846
92372,5987
92373,34766
92374,41276
92376,86021
92377,20016
92378,192
92382,5247
92384,33
92385,202
92386,2105
92389,128
92391,3123
92392,56178
92394,36141
92395,42007
92397,4753
92398,1515
92399,54227
92401,2015
92404,59577
92405,28831
92407,62439
92408,15661
92410,48011
92411,27282
92501,22114
92503,94431
92504,53772
92505,49319
92506,46048
92507,56231
92508,38443
92509,78446
92518,1004
92530,53606
92532,22213
92536,2842
92539,4220
92543,36603
92544,47507
92545,40386
92548,6939
92549,2702
92551,33573
92553,74320
92555,41438
92557,51810
92561,1475
92562,62912
92563,59463
92567,10442
92570,56738
92571,54366
92582,16446
92583,31818
92584,47887
92585,20623
92586,19150
92587,17514
92590,4207
92591,39753
92592,77420
92595,31426
92596,26219
92602,24234
92603,20083
92604,29039
92606,23378
92610,11862
92612,30314
92614,26046
92617,16565
92618,25043
92620,44763
92624,6830
92625,12098
92626,51818
92627,61314
92629,26680
92630,60449
92637,16342
92646,55584
92647,60898
92648,47415
92649,33166
92651,24291
92653,29037
92655,9485
92656,51826
92657,10238
92660,35677
92661,3128
92662,2894
92663,22629
92672,35344
92673,29803
92675,35970
92676,1993
92677,65238
92678,495
92679,32885
92683,91734
92688,45226
92691,48944
92692,48785
92694,25464
92701,51520
92703,70116
92704,89304
92705,46713
92706,37180
92707,63082
92708,57508
92780,61209
92782,23182
92801,65595
92802,43250
92804,84504
92805,72637
92806,40989
92807,35285
92808,20449
92821,37615
92823,3400
92831,36249
92832,25166
92833,53271
92835,23567
92840,56917
92841,33717
92843,43928
92844,24804
92845,17221
92860,27091
92861,5901
92865,20554
92866,15490
92867,44991
92868,26817
92869,37124
92870,53772
92879,47452
92880,63696
92881,33490
92882,70676
92883,32167
92886,49565
92887,20292
93001,33899
93003,50701
93004,30268
93010,44422
93012,35272
93013,16259
93015,17253
93021,36873
93022,7122
93023,20313
93030,61102
93033,83057
93035,27626
93036,44716
93040,2044
93041,24197
93042,110
93043,305
93060,34060
93063,56500
93064,0
93065,72676
93066,3222
93067,735
93101,32458
93103,20448
93105,25632
93108,11761
93109,11089
93110,17382
93111,18440
93117,56386
93201,1317
93202,3744
93203,22079
93204,14154
93205,2066
93206,2211
93207,284
93208,130
93210,19101
93212,24920
93215,56046
93218,1037
93219,10667
93220,381
93221,15000
93222,1604
93223,10704
93224,412
93225,5391
93226,317
93230,66108
93234,6863
93235,3837
93238,1664
93239,1840
93240,5797
93241,17765
93242,3372
93243,1565
93244,376
93245,37520
93247,18916
93249,2373
93250,14056
93251,229
93252,3587
93254,813
93255,639
93256,5670
93257,75959
93258,2277
93260,135
93261,3150
93262,73
93263,20098
93265,3137
93266,1171
93267,6585
93268,17387
93270,5336
93271,2185
93272,3816
93274,71853
93276,206
93277,51377
93280,27375
93283,2353
93285,1709
93286,9931
93287,115
93291,55990
93292,39767
93301,11557
93304,52172
93305,38291
93306,69242
93307,85957
93308,54128
93309,60380
93311,44874
93312,57579
93313,45862
93314,24537
93401,28431
93402,15424
93405,35021
93410,0
93420,30444
93422,32191
93424,956
93426,1549
93427,5410
93428,6396
93429,116
93430,2933
93432,880
93433,13409
93434,7243
93436,55329
93437,3317
93440,1813
93441,1251
93442,11035
93444,19173
93445,7659
93446,44844
93449,7890
93450,929
93451,4112
93452,500
93453,3701
93454,37651
93455,42780
93458,57081
93460,4802
93461,1572
93463,7911
93465,8827
93501,5125
93505,13165
93510,7462
93512,333
93513,1732
93514,14254
93516,2326
93517,929
93518,954
93519,67
93522,24
93523,3469
93524,177
93526,726
93527,1876
93528,118
93529,512
93530,34
93531,363
93532,2557
93534,38431
93535,73979
93536,71254
93541,519
93543,13720
93544,1145
93545,2006
93546,9147
93549,215
93550,75088
93551,50100
93552,42630
93553,1784
93554,140
93555,33580
93558,284
93560,20209
93561,33823
93562,1712
93563,387
93591,6781
93592,8
93601,1917
93602,4264
93603,195
93604,951
93605,248
93606,676
93608,998
93609,5781
93610,23912
93611,48736
93612,36237
93614,10785
93615,6027
93616,2146
93618,30379
93619,30602
93620,9789
93621,212
93622,10350
93623,89
93624,1339
93625,7346
93626,1153
93627,81
93628,196
93630,18898
93631,16618
93633,0
93634,17
93635,39927
93636,12367
93637,39596
93638,50851
93640,12375
93641,230
93643,2617
93644,7702
93645,194
93646,11001
93647,12371
93648,16120
93650,3987
93651,1526
93652,237
93653,1602
93654,31259
93656,7358
93657,35129
93660,4797
93662,30774
93664,688
93665,759
93666,761
93667,2556
93668,941
93669,242
93673,711
93675,3097
93701,10555
93702,47013
93703,33417
93704,27009
93705,38379
93706,39929
93710,32434
93711,37317
93720,46411
93721,6811
93722,82683
93723,10214
93725,26632
93726,43115
93727,76619
93728,15496
93730,10286
93901,26800
93905,61343
93906,63897
93907,21901
93908,11953
93920,941
93921,3355
93923,13043
93924,6231
93925,1853
93926,9402
93927,18222
93928,431
93930,16691
93932,626
93933,23451
93940,32785
93943,0
93950,15570
93953,4554
93954,387
93955,34311
93960,26946
93962,761
94002,26961
94005,4496
94010,42452
94014,48691
94015,64258
94019,19050
94020,1206
94021,149
94022,19578
94024,23050
94025,41234
94027,7244
94028,6686
94030,22447
94037,2903
94038,3607
94040,34792
94041,13916
94043,29458
94044,38735
94060,1758
94061,37809
94062,27567
94063,32549
94065,12241
94066,42569
94070,30287
94074,263
94080,66431
94085,23683
94086,48258
94087,56411
94089,20747
94102,28926
94103,24309
94104,304
94105,6108
94107,28641
94108,14252
94109,56293
94110,72528
94111,3527
94112,84145
94114,32598
94115,35154
94116,45559
94117,42462
94118,41391
94121,42622
94122,60929
94123,25273
94124,35010
94127,19446
94128,99
94129,3639
94130,3187
94131,28472
94132,32031
94133,27485
94134,40701
94158,5747
94301,16876
94303,47550
94304,3655
94305,14228
94306,27583
94401,37298
94402,24591
94403,40548
94404,35492
94501,63118
94502,13615
94503,20285
94505,14687
94506,22622
94507,16653
94508,4255
94509,64406
94510,27723
94511,2172
94512,207
94513,58399
94514,1209
94515,7404
94516,186
94517,12913
94518,26966
94519,19819
94520,39484
94521,41575
94523,34707
94525,3044
94526,32340
94528,767
94530,24482
94531,43095
94533,71487
94534,37253
94535,4254
94536,71765
94538,64696
94539,52096
94541,64282
94542,13262
94544,77213
94545,32236
94546,42754
94547,24860
94548,373
94549,28719
94550,48663
94551,41250
94552,15226
94553,49256
94555,36693
94556,15861
94558,68227
94559,27900
94560,44207
94561,39435
94563,18580
94564,18887
94565,89712
94566,43413
94567,552
94568,49864
94569,327
94571,8418
94572,9724
94573,192
94574,9062
94575,1146
94576,91
94577,46494
94578,39642
94579,22056
94580,29445
94582,40215
94583,35631
94585,29260
94586,976
94587,72690
94588,32979
94589,31289
94590,35543
94591,54126
94592,776
94595,16732
94596,20524
94597,21271
94598,27328
94599,3185
94601,50024
94602,29829
94603,33116
94605,42079
94606,38055
94607,26172
94608,28125
94609,21981
94610,30537
94611,38023
94612,14782
94613,871
94618,16884
94619,24005
94621,33369
94702,17016
94703,21561
94704,26573
94705,13224
94706,20652
94707,12555
94708,11071
94709,11866
94710,6802
94720,3087
94801,30462
94803,25252
94804,40907
94805,14701
94806,60627
94850,0
94901,42488
94903,30555
94904,12458
94920,12711
94922,458
94923,781
94924,1387
94925,9595
94928,43028
94929,139
94930,8796
94931,8442
94933,812
94937,782
94938,636
94939,6936
94940,235
94941,31168
94945,18602
94946,747
94947,26252
94949,16366
94950,72
94951,4152
94952,35011
94954,37273
94956,1351
94957,1316
94960,15777
94963,701
94964,3884
94965,11294
94970,573
94971,339
94972,0
94973,1653
95002,1764
95003,24546
95004,4109
95005,6733
95006,8555
95007,715
95008,46054
95010,9335
95012,10748
95013,57
95014,62346
95017,658
95018,7632
95019,7159
95020,60203
95023,50759
95030,13389
95032,26360
95033,9772
95035,71767
95037,47560
95039,1558
95041,222
95043,721
95045,4334
95046,6413
95050,38024
95051,55470
95053,2911
95054,23989
95060,46695
95062,37132
95064,9385
95065,8804
95066,15670
95070,31223
95073,11265
95075,339
95076,84779
95110,19682
95111,62157
95112,60130
95113,1169
95116,54217
95117,31613
95118,31871
95119,10781
95120,37644
95121,38958
95122,58350
95123,65276
95124,49402
95125,54563
95126,33842
95127,65812
95128,37870
95129,40471
95130,14413
95131,29995
95132,40518
95133,28392
95134,18743
95135,21766
95136,42725
95138,19297
95139,6784
95140,209
95148,48225
95202,6067
95203,15971
95204,28625
95205,37299
95206,65448
95207,48446
95209,42154
95210,40686
95211,1730
95212,26433
95215,23824
95219,28479
95220,7015
95222,4981
95223,2780
95224,193
95225,749
95226,14
95227,814
95228,4723
95230,776
95231,4823
95232,266
95233,627
95234,109
95236,3929
95237,3097
95240,47250
95242,26343
95245,2290
95246,1256
95247,4981
95248,121
95249,3865
95250,66
95251,872
95252,13874
95254,955
95255,1774
95257,374
95258,3705
95301,38022
95303,754
95304,17442
95305,40
95306,822
95307,42208
95310,2132
95311,1912
95312,267
95313,1053
95314,0
95315,12363
95316,6961
95317,990
95318,467
95319,1591
95320,13018
95321,3432
95322,8763
95323,1077
95324,7522
95325,73
95326,9790
95327,8202
95328,5048
95329,2846
95330,19596
95333,2988
95334,16444
95335,364
95336,47343
95337,33432
95338,10928
95340,35309
95341,33464
95345,422
95346,1842
95348,33442
95350,50908
95351,49163
95354,24838
95355,59210
95356,33370
95357,11955
95358,33194
95360,12139
95361,33163
95363,25866
95364,0
95365,4666
95366,16848
95367,24173
95368,13439
95369,956
95370,27043
95372,1891
95374,1851
95375,246
95376,49582
95377,32723
95379,3895
95380,41254
95382,37497
95383,3456
95385,508
95386,10265
95387,609
95388,14371
95389,1592
95391,13185
95401,38048
95403,45596
95404,41268
95405,21695
95407,40959
95409,26586
95410,946
95412,382
95415,1245
95417,219
95420,611
95421,1474
95422,15476
95423,3260
95425,10597
95426,1544
95427,256
95428,2365
95429,74
95430,0
95431,621
95432,421
95435,334
95436,6052
95437,14492
95439,779
95441,1970
95442,3118
95443,284
95444,710
95445,1728
95446,4281
95448,17631
95449,1708
95450,262
95451,12212
95452,1364
95453,10244
95454,2075
95456,731
95457,3162
95458,3176
95459,581
95460,2364
95461,3298
95462,1216
95463,29
95464,2295
95465,2237
95466,864
95467,5986
95468,1156
95469,1963
95470,7009
95471,536
95472,30281
95476,37646
95482,32892
95485,2492
95486,40
95488,357
95490,12661
95492,29486
95493,288
95494,112
95497,1068
95501,23689
95503,25438
95511,430
95514,215
95519,18538
95521,20930
95524,1956
95525,1745
95526,213
95527,600
95528,1044
95531,23801
95536,2984
95537,229
95540,13190
95542,2360
95543,636
95545,100
95546,3286
95547,1265
95548,1486
95549,824
95550,247
95551,1782
95552,635
95553,1090
95554,392
95555,326
95556,652
95558,398
95559,95
95560,1310
95562,3438
95563,720
95564,492
95565,1044
95567,1865
95568,126
95569,344
95570,2106
95571,237
95573,1557
95585,451
95587,157
95589,1163
95595,153
95601,137
95602,17955
95603,29182
95604,64
95605,14924
95606,18
95607,431
95608,61344
95610,44085
95612,1070
95614,4284
95615,861
95616,48822
95618,27651
95619,5073
95620,21267
95621,42063
95623,4215
95624,64225
95625,180
95626,6308
95627,3618
95628,41043
95629,820
95630,74180
95631,6017
95632,30208
95633,2933
95634,3216
95635,905
95636,880
95637,837
95638,2095
95639,293
95640,13097
95641,1776
95642,6581
95645,2110
95646,75
95648,49990
95650,12696
95651,737
95652,953
95653,599
95655,4190
95658,6266
95659,777
95660,34464
95661,30321
95662,32293
95663,2516
95664,1334
95665,4536
95666,4498
95667,36684
95668,780
95669,2043
95670,53662
95672,5432
95673,14895
95674,1010
95675,284
95677,23196
95678,42153
95679,54
95680,291
95681,1596
95682,30013
95683,6411
95684,3102
95685,3827
95686,1007
95687,66350
95688,36385
95689,1022
95690,2122
95691,35951
95692,4867
95693,6322
95694,9428
95695,38998
95697,569
95698,221
95699,217
95701,792
95703,998
95709,4857
95713,10009
95714,311
95715,92
95717,166
95720,55
95721,13
95722,4478
95724,0
95726,8712
95728,481
95735,26
95736,255
95742,10145
95746,23516
95747,58938
95757,45259
95758,62411
95762,40039
95765,36700
95776,22559
95811,7072
95814,9706
95815,25394
95816,17203
95817,13818
95818,20542
95819,18571
95820,35425
95821,34053
95822,43427
95823,76079
95824,30053
95825,31846
95826,38256
95827,20509
95828,62016
95829,26533
95830,792
95831,41233
95832,11283
95833,40129
95834,24832
95835,38942
95837,341
95838,37133
95841,19730
95842,31299
95843,46972
95864,23007
95901,32586
95903,1690
95910,116
95912,4755
95914,625
95915,10
95916,1300
95917,3320
95918,1905
95919,1255
95920,243
95922,571
95923,10
95925,95
95926,38315
95928,36029
95930,155
95932,7671
95934,394
95935,592
95936,224
95937,1266
95938,3888
95939,543
95941,398
95942,892
95943,886
95944,14
95945,25510
95946,10339
95947,1760
95948,10645
95949,19575
95950,615
95951,3013
95953,10241
95954,11976
95955,1399
95956,431
95957,929
95959,17341
95960,915
95961,27745
95962,1214
95963,15093
95965,20630
95966,31069
95968,1605
95969,27538
95970,458
95971,5968
95973,34569
95974,63
95975,2034
95977,1656
95978,110
95979,646
95981,83
95982,3475
95983,541
95984,31
95986,24
95987,6088
95988,8767
95991,41635
95993,35469
96001,34597
96002,32958
96003,44714
96006,314
96007,23130
96008,1108
96009,294
96010,169
96011,148
96013,4111
96014,116
96015,626
96016,573
96017,175
96019,10126
96020,2287
96021,16122
96022,17736
96023,1184
96024,967
96025,2089
96027,2464
96028,1635
96029,158
96031,149
96032,2345
96033,580
96034,255
96035,3431
96037,180
96038,636
96039,1078
96040,292
96041,3019
96044,962
96046,183
96047,783
96048,822
96049,76
96050,411
96051,1304
96052,1533
96054,276
96055,3987
96056,1368
96057,1348
96058,806
96059,740
96061,25
96062,1245
96063,199
96064,5001
96065,445
96067,6991
96068,148
96069,758
96071,125
96073,4207
96074,223
96075,299
96076,122
96080,27524
96084,484
96085,67
96086,359
96087,521
96088,4200
96090,410
96091,521
96092,300
96093,4032
96094,6145
96096,771
96097,9860
96101,5531
96103,1331
96104,559
96105,47
96106,217
96107,1306
96108,10
96109,804
96110,157
96111,40
96112,266
96113,2158
96114,3531
96115,119
96116,129
96117,227
96118,1717
96119,124
96120,1064
96121,298
96122,3864
96123,35
96124,380
96125,242
96126,55
96128,831
96129,123
96130,21456
96132,105
96133,235
96134,2357
96135,15
96136,103
96137,3733
96140,999
96141,585
96142,706
96143,4124
96145,2872
96146,857
96148,853
96150,28912
96155,0
96161,18256
96701,39270
96703,2162
96704,7873
96705,2512
96706,67146
96707,45771
96708,10110
96710,222
96712,8441
96713,1571
96714,715
96716,2757
96717,4965
96719,2423
96720,47938
96722,2629
96725,3475
96726,862
96727,5575
96728,427
96729,1242
96730,1276
96731,3085
96732,26622
96734,52811
96737,4302
96738,6619
96740,36655
96741,5770
96742,85
96743,13294
96744,52221
96746,19139
96747,940
96748,4300
96749,17764
96750,3616
96751,50
96752,3211
96753,28134
96754,4012
96755,3057
96756,5546
96757,756
96759,431
96760,2645
96761,21954
96762,5811
96763,3539
96764,626
96765,633
96766,17608
96768,17825
96769,317
96770,823
96771,7073
96772,2126
96773,158
96774,239
96776,1667
96777,1501
96778,14375
96779,2998
96780,760
96781,1647
96782,40444
96783,2057
96785,2506
96786,46611
96789,54351
96790,9581
96791,7361
96792,48350
96793,31366
96795,10685
96796,1690
96797,75196
96813,22391
96814,18680
96815,27812
96816,50378
96817,57405
96818,57281
96819,55043
96821,18914
96822,45979
96825,29416
96826,31143
96850,0
96853,588
96857,2889
96859,134
96860,1848
96863,51
97001,297
97002,5887
97004,4338
97005,26248
97006,67918
97007,71664
97008,29258
97009,7933
97011,754
97013,23417
97014,1116
97015,20807
97016,6442
97017,3010
97018,2419
97019,3123
97020,962
97021,1125
97022,3106
97023,10457
97024,10443
97026,4228
97027,12365
97028,120
97029,291
97030,38147
97031,19210
97032,4958
97033,54
97034,19290
97035,24085
97037,1003
97038,15691
97039,568
97040,1156
97041,2471
97042,3676
97045,52746
97048,6759
97049,1816
97050,242
97051,15536
97053,2921
97054,1701
97055,17251
97056,11271
97057,6
97058,19984
97060,22379
97062,28066
97063,1084
97064,3505
97065,640
97067,2540
97068,28750
97070,22877
97071,28578
97080,41542
97086,28001
97089,12215
97101,3738
97102,173
97103,17587
97106,4812
97107,1612
97108,387
97109,515
97110,1173
97111,3561
97112,2193
97113,14275
97114,5082
97115,4116
97116,26139
97117,483
97118,782
97119,4447
97121,1659
97122,381
97123,46204
97124,50601
97125,74
97127,3824
97128,37269
97130,430
97131,2453
97132,29039
97133,4251
97134,239
97135,815
97136,1649
97137,1415
97138,9684
97140,24649
97141,13605
97144,114
97145,376
97146,5838
97147,397
97148,3218
97149,407
97201,16688
97202,41193
97203,32628
97204,1032
97205,7068
97206,48723
97208,0
97209,15486
97210,11574
97211,33454
97212,25676
97213,30869
97214,24578
97215,16893
97216,16216
97217,32275
97218,15611
97219,41085
97220,29776
97221,12323
97222,36222
97223,47747
97224,33022
97225,25658
97227,4530
97229,62132
97230,41029
97231,3740
97232,12038
97233,41332
97236,38663
97239,15950
97266,35181
97267,31841
97301,54844
97302,37800
97303,38811
97304,30124
97305,40585
97306,29307
97317,24490
97321,25614
97322,35303
97324,1107
97325,6963
97326,944
97327,2907
97329,153
97330,41572
97331,2494
97333,21492
97338,20236
97341,2527
97342,216
97343,128
97344,1130
97345,397
97346,787
97347,2007
97348,1883
97350,227
97351,9965
97352,6623
97355,28386
97357,246
97358,2584
97360,2413
97361,11722
97362,4171
97364,950
97365,11008
97366,1287
97367,9236
97368,3477
97369,186
97370,8179
97371,530
97373,195
97374,5900
97375,1566
97376,1361
97377,592
97378,8203
97380,3174
97381,14911
97383,9441
97384,0
97385,3368
97386,13944
97388,643
97389,1723
97390,640
97391,4923
97392,5708
97394,4387
97396,2871
97401,40414
97402,51363
97403,12566
97404,32860
97405,46616
97406,44
97408,11815
97410,727
97411,7365
97412,463
97413,891
97414,266
97415,13773
97416,1247
97417,2835
97419,1239
97420,27265
97423,6803
97424,17755
97426,9639
97429,816
97430,358
97431,2384
97434,850
97435,2186
97436,839
97437,2530
97438,951
97439,14303
97441,207
97442,1864
97443,2280
97444,5251
97446,4890
97447,764
97448,12597
97449,1789
97450,563
97451,346
97452,1747
97453,841
97454,1551
97455,2515
97456,3002
97457,9628
97458,4592
97459,13843
97461,753
97462,3621
97463,3803
97465,2602
97466,908
97467,5042
97469,2676
97470,20320
97471,29924
97473,297
97476,105
97477,36403
97478,38604
97479,9535
97480,286
97481,495
97484,226
97486,599
97487,8216
97488,1035
97489,885
97490,252
97492,644
97493,247
97494,29
97495,1425
97496,7163
97497,1747
97498,1779
97499,1961
97501,44381
97502,27982
97503,12592
97504,45257
97520,24970
97522,528
97523,6327
97524,13446
97525,4349
97526,34914
97527,33948
97530,6586
97531,709
97532,2442
97534,440
97535,5742
97536,1017
97537,7300
97538,1729
97539,3397
97540,8061
97541,1073
97543,688
97544,2147
97601,21962
97603,29587
97604,151
97620,166
97621,180
97622,456
97623,2422
97624,3391
97625,205
97626,183
97627,816
97630,5190
97632,1471
97633,1300
97634,258
97635,326
97636,495
97637,65
97638,414
97639,486
97640,101
97641,1065
97701,62227
97702,43594
97707,6375
97710,175
97711,75
97712,26
97720,4349
97721,407
97722,77
97730,353
97731,401
97732,172
97733,391
97734,2742
97735,141
97736,123
97737,444
97738,1579
97739,11038
97741,11989
97750,362
97751,47
97752,39
97753,1927
97754,18657
97756,36319
97758,117
97759,6239
97760,6315
97761,4416
97801,21533
97810,797
97812,847
97813,1217
97814,12500
97817,23
97818,4235
97819,31
97820,1079
97823,961
97824,1847
97825,296
97826,1047
97827,2471
97828,3000
97830,740
97833,1072
97834,758
97835,346
97836,2000
97837,59
97838,25948
97839,398
97840,182
97841,546
97842,141
97843,635
97844,3859
97845,2678
97846,1888
97848,236
97850,16705
97856,365
97857,649
97859,60
97862,11842
97864,182
97865,1109
97867,914
97868,1977
97869,1057
97870,472
97873,188
97874,308
97875,2798
97876,853
97877,235
97880,264
97882,7769
97883,2478
97884,171
97885,1179
97886,1237
97901,587
97903,220
97904,205
97905,167
97906,279
97907,411
97908,54
97909,102
97910,600
97911,66
97913,5527
97914,18451
97918,4464
97920,156
98001,32194
98002,33817
98003,46008
98004,32587
98005,17733
98006,37519
98007,26269
98008,24751
98010,4918
98011,31650
98012,56010
98014,6973
98019,11143
98020,20101
98021,29151
98022,21567
98023,50065
98024,5847
98026,35638
98027,27855
98028,21568
98029,26586
98030,36730
98031,36390
98032,36368
98033,36105
98034,42590
98036,38532
98037,27994
98038,34362
98039,3120
98040,24120
98042,44894
98043,20557
98045,14635
98047,6676
98050,114
98051,3677
98052,62216
98053,21185
98055,22659
98056,33944
98057,13204
98058,44430
98059,36409
98065,13977
98068,259
98070,10189
98072,22779
98074,26530
98075,23363
98077,14246
98087,34603
98092,42380
98101,11291
98102,23655
98103,48600
98104,13690
98105,45515
98106,24603
98107,23488
98108,24681
98109,24450
98110,23343
98112,22230
98115,50134
98116,23968
98117,31921
98118,44839
98119,23912
98121,13474
98122,35052
98125,39254
98126,22849
98133,46329
98134,797
98136,15415
98144,28302
98146,26730
98148,10659
98154,0
98155,34081
98158,0
98164,106
98166,21087
98168,32569
98174,0
98177,19328
98178,25363
98188,24836
98195,45
98198,36495
98199,20871
98201,27806
98203,35046
98204,41441
98205,12644
98207,1380
98208,55775
98220,592
98221,20510
98222,47
98223,41315
98224,260
98225,48720
98226,41453
98229,30492
98230,15762
98232,3875
98233,14799
98235,69
98236,5732
98237,4348
98238,10
98239,6709
98240,2824
98241,2200
98243,520
98244,3049
98245,3849
98247,10263
98248,23167
98249,4472
98250,7483
98251,4804
98252,9169
98253,1755
98255,180
98256,406
98257,3849
98258,31820
98260,5560
98261,2621
98262,965
98263,83
98264,19306
98266,3735
98267,535
98270,47835
98271,28658
98272,29017
98273,30137
98274,16921
98275,20818
98276,760
98277,37999
98278,1602
98279,634
98280,415
98281,1270
98282,15500
98283,415
98284,25641
98286,210
98288,175
98290,33629
98292,21517
98294,6525
98295,2571
98296,28902
98297,49
98303,1053
98304,636
98305,284
98310,20218
98311,27182
98312,30721
98314,2642
98315,6392
98320,1168
98321,14894
98323,619
98325,1730
98326,665
98327,9192
98328,9761
98329,10741
98330,167
98331,6373
98332,16412
98333,3731
98335,25260
98336,964
98337,6252
98338,25313
98339,3109
98340,2900
98342,1394
98345,488
98346,10206
98349,4698
98350,399
98351,666
98353,29
98354,7167
98355,603
98356,2211
98357,1531
98358,1242
98359,4595
98360,12620
98361,887
98362,23165
98363,13915
98364,113
98365,4583
98366,33197
98367,28266
98368,15232
98370,29197
98371,20174
98372,24074
98373,23113
98374,39143
98375,28641
98376,1566
98377,1927
98380,5224
98381,455
98382,27063
98383,20055
98385,317
98387,45344
98388,6537
98390,10615
98391,47150
98392,3027
98394,1291
98396,574
98402,6116
98403,7764
98404,33994
98405,23834
98406,22389
98407,20654
98408,18872
98409,23682
98416,966
98418,10237
98421,303
98422,20558
98424,10531
98430,18
98433,17951
98438,443
98439,5574
98443,5810
98444,34791
98445,30076
98446,10306
98447,814
98465,6809
98466,27057
98467,15160
98498,26901
98499,31010
98501,40236
98502,30487
98503,36964
98506,18732
98512,29467
98513,34320
98516,22310
98520,23952
98524,3676
98526,269
98527,217
98528,8834
98530,622
98531,24881
98532,23461
98533,605
98535,473
98536,162
98537,2148
98538,201
98541,10041
98542,454
98544,0
98546,3600
98547,1154
98548,2507
98550,11218
98552,589
98555,357
98557,3189
98558,319
98559,164
98560,188
98562,0
98563,7957
98564,2345
98565,625
98568,2781
98569,6000
98570,4397
98571,281
98572,703
98575,144
98576,4552
98577,6535
98579,13422
98580,11207
98581,305
98582,495
98583,85
98584,36497
98585,845
98586,1927
98587,932
98588,1711
98589,7447
98590,443
98591,3546
98592,1455
98593,932
98595,2606
98596,7333
98597,22126
98601,3144
98602,186
98603,1085
98604,35282
98605,1365
98606,9013
98607,29826
98610,2939
98611,10082
98612,2476
98613,554
98614,268
98616,153
98617,1122
98619,503
98620,7087
98621,474
98624,1660
98625,6514
98626,24255
98628,481
98629,8597
98631,3470
98632,49119
98635,1850
98638,1301
98639,1127
98640,3907
98641,0
98642,16769
98643,495
98644,353
98645,1359
98647,364
98648,2668
98649,1026
98650,1008
98651,847
98660,11893
98661,44144
98662,33427
98663,13317
98664,21439
98665,25550
98670,94
98671,22849
98672,5941
98673,459
98674,10973
98675,6895
98682,56243
98683,32567
98684,27661
98685,27977
98686,18513
98801,42041
98802,29224
98811,70
98812,5215
98813,3050
98814,287
98815,7580
98816,6720
98817,306
98819,172
98821,415
98822,2118
98823,11177
98824,442
98826,6467
98827,695
98828,2740
98829,670
98830,461
98831,3309
98832,318
98833,123
98834,182
98836,800
98837,40741
98840,4692
98841,8926
98843,1826
98844,4608
98845,181
98846,1247
98847,1714
98848,12200
98849,1117
98850,1561
98851,4102
98852,15
98853,2
98855,6322
98856,2395
98857,3888
98858,2324
98859,136
98860,214
98862,2237
98901,31011
98902,46913
98903,14411
98908,35427
98921,1063
98922,5725
98923,1396
98925,535
98926,31108
98929,0
98930,17168
98932,4953
98933,1222
98934,1158
98935,3359
98936,5991
98937,3889
98938,2852
98939,125
98940,383
98941,911
98942,17178
98943,936
98944,22186
98946,595
98947,3102
98948,13098
98950,555
98951,13674
98952,2146
98953,7520
99001,6500
99003,4736
99004,18719
99005,8772
99006,11509
99008,941
99009,3788
99011,2947
99012,931
99013,1621
99016,13290
99017,189
99018,308
99019,10134
99020,15
99021,8752
99022,9071
99023,662
99025,5270
99026,9990
99027,6258
99029,1331
99030,869
99031,961
99032,780
99033,989
99034,82
99036,1420
99037,12646
99039,85
99040,759
99101,1574
99102,490
99103,525
99105,42
99109,5308
99110,1351
99111,4137
99113,719
99114,11552
99115,1318
99116,1670
99117,430
99118,913
99119,971
99121,135
99122,3399
99123,1205
99124,307
99125,460
99126,1223
99128,333
99129,837
99130,717
99131,128
99133,1833
99134,600
99135,282
99136,35
99137,315
99138,1181
99139,1430
99140,404
99141,4948
99143,613
99144,18
99146,78
99147,116
99148,2035
99149,168
99150,260
99151,145
99152,206
99153,349
99154,37
99155,950
99156,8167
99157,845
99158,737
99159,1420
99160,140
99161,1436
99163,33097
99164,0
99166,3509
99167,584
99169,2577
99170,1026
99171,1035
99173,1710
99174,45
99176,179
99179,556
99180,1125
99181,1864
99185,1161
99201,13901
99202,18882
99203,21149
99204,6205
99205,41693
99206,36964
99207,30907
99208,51734
99212,19235
99216,24384
99217,17789
99218,16020
99223,30630
99224,21379
99301,75273
99320,8737
99321,621
99322,174
99323,3518
99324,9422
99326,6283
99328,3713
99329,218
99330,1070
99333,34
99335,291
99336,50065
99337,30726
99338,13534
99341,720
99343,3271
99344,17161
99345,202
99346,436
99347,2272
99348,1383
99349,8755
99350,13629
99352,29180
99353,14595
99354,22898
99356,260
99357,3953
99359,107
99360,1163
99361,1707
99362,42086
99363,302
99371,365
99401,294
99402,1831
99403,19988
99501,17213
99502,23649
99503,14107
99504,42189
99505,6479
99506,7541
99507,40013
99508,35437
99510,332
99513,0
99515,22661
99516,21459
99517,16809
99518,10285
99519,589
99540,374
99546,122
99547,66
99548,70
99549,81
99550,231
99551,562
99552,399
99553,899
99554,777
99555,199
99556,2497
99557,696
99558,87
99559,7869
99561,516
99563,1082
99564,70
99565,73
99566,189
99567,9853
99568,275
99569,56
99571,88
99572,457
99573,799
99574,2696
99575,98
99576,2464
99577,28565
99578,455
99579,68
99580,78
99581,835
99583,37
99585,350
99586,463
99587,2255
99588,936
99589,230
99590,171
99591,53
99602,214
99603,10130
99604,1140
99605,65
99606,382
99607,284
99609,599
99610,2326
99611,15811
99612,1074
99613,392
99614,686
99615,13197
99620,643
99621,824
99622,331
99624,61
99625,114
99626,312
99627,397
99628,691
99630,174
99631,428
99632,749
99633,567
99634,352
99636,609
99637,549
99638,37
99639,966
99640,187
99641,554
99643,249
99644,235
99645,27818
99647,12
99648,98
99649,65
99650,582
99651,42
99652,4059
99653,147
99654,56325
99655,661
99656,22
99657,410
99658,719
99659,396
99660,576
99661,1206
99662,498
99663,475
99664,4892
99665,43
99666,129
99667,71
99668,94
99669,14464
99670,63
99671,547
99672,4035
99674,1370
99676,1372
99677,86
99678,882
99679,436
99680,466
99681,294
99682,400
99683,529
99684,720
99685,4386
99686,3982
99688,2837
99689,597
99690,259
99691,113
99692,233
99693,299
99694,1608
99695,0
99701,18900
99702,2630
99703,7726
99704,41
99705,24421
99706,0
99709,31594
99712,12016
99714,1102
99720,145
99721,247
99722,138
99723,4351
99724,60
99726,38
99727,596
99729,222
99730,59
99732,0
99733,118
99734,2122
99736,144
99737,5005
99738,106
99739,328
99740,565
99741,554
99742,718
99743,1130
99744,160
99745,62
99746,429
99747,155
99748,192
99749,380
99750,576
99751,159
99752,3381
99753,272
99754,80
99755,514
99756,89
99757,24
99758,257
99759,285
99760,691
99761,443
99762,4146
99763,608
99764,346
99765,285
99766,562
99767,7
99768,202
99769,883
99770,794
99771,223
99772,640
99773,342
99774,25
99775,1346
99776,120
99777,277
99778,205
99780,1660
99781,177
99782,458
99783,155
99784,179
99785,442
99786,280
99788,101
99789,345
99790,20
99791,159
99801,30262
99820,408
99824,2249
99825,100
99826,496
99827,2626
99829,821
99830,628
99832,87
99833,3221
99835,8943
99836,31
99840,999
99841,150
99901,13717
99903,22
99918,162
99919,637
99921,1950
99922,277
99923,13
99925,826
99926,1711
99927,123
99929,2365
